{
	"accelz": 1017.625, 
	"addr": "A0:E6:F8:B6:6B:85", 
	"accelx": 954.03125, 
	"accely": -1.28125, 
	"keys": 0, 
	"barotemp": 28.25, 
	"magnz": -50.59814453125, 
	"magnx": 17.7001953125, 
	"magny": 32.379150390625, 
	"lux": 11867, 
	"temp": 80.26598473567708, 
	"baropress": 1002.43, 
	"time": 1469707963748, 
	"gyroz": -0.69427490234375, 
	"gyrox": 0.78582763671875, 
	"gyroy": 0.81634521484375, 
	"humdtemp": 25.683835449218755, 
	"ambtemp": 27.875, 
	"humd": 46.13165283203125, 
	"celsiustemp": 26.814435964265044
}